ID,URL,Repo Name,Collection,Commit Info,SA?,Battery,Energy,Power,Sustainab,Green
C0,https://github.com/aau-ros/aau_multi_robot/commit/af8a517e1cdaeb98f8f1aac31ef6ca5d4b8434cc,aau_multi_robot,Commits,{'af8a517e1cdaeb98f8f1aac31ef6ca5d4b8434cc': 'added new strategy which checks the battery state'},YES,1,0,0,0,0
C1,https://github.com/aau-ros/aau_multi_robot/commit/b3a4db1f42026342cf599cc8930b45be445f193e,aau_multi_robot,Commits,{'b3a4db1f42026342cf599cc8930b45be445f193e': 'Robots now drive back to home when energy level is at 50%.\nWhen the energy level is ag'},,0,2,0,0,0
C2,https://github.com/aau-ros/aau_multi_robot/commit/ba22c0f52238381061c5e2d28e707dafc279f1f0,aau_multi_robot,Commits,{'ba22c0f52238381061c5e2d28e707dafc279f1f0': 'add a function that calculates the the energy consumption\nand the traveled distance so far'},,0,1,0,0,0
C3,https://github.com/aau-ros/aau_multi_robot/commit/6a3a3785cac2e64be0bd0f88d08ff258435188f7,aau_multi_robot,Commits,"{'6a3a3785cac2e64be0bd0f88d08ff258435188f7': 'vert ""add a function that calculates the the energy consumption""\n\nThis reverts commit ba22c0f522'}",,0,1,0,0,0
C4,https://github.com/aau-ros/aau_multi_robot/commit/ced213515b881046df3ec8e04000c20072a15e75,aau_multi_robot,Commits,"{'ced213515b881046df3ec8e04000c20072a15e75': 'Revert ""Robots now drive back to home when energy level is at 50%.""\n\nThis reverts commit b3a4d'}",,0,1,0,0,0
C5,https://github.com/aau-ros/aau_multi_robot/commit/22648d3833fdae16fe5f7315fa203e8392695a87,aau_multi_robot,Commits,"{'22648d3833fdae16fe5f7315fa203e8392695a87': 'Revert ""Robots now drive back to home when energy level is at 50%.""\n\nThis reverts commit b3a4d'}",,0,1,0,0,0
C6,https://github.com/aau-ros/aau_multi_robot/commit/297421c79ab6504526aecd36fb80679c2202f8f2,aau_multi_robot,Commits,"{'297421c79ab6504526aecd36fb80679c2202f8f2': 'Revert ""added new strategy which checks the battery state""\n\nThis reverts commit af8a517e1cdaeb9'}",,1,0,0,0,0
C7,https://github.com/aau-ros/aau_multi_robot/commit/a4acf91fb601faa27e1a8595da073443d445fd56,aau_multi_robot,Commits,"{'a4acf91fb601faa27e1a8595da073443d445fd56': 'Revert ""added new strategy which checks the battery state""\n\nThis reverts commit af8a517e1cdaeb9'}",,1,0,0,0,0
C10,https://github.com/AutonomyLab/create_autonomy/commit/46bfbdf19fb33e73a1426815d2f7aece8a621c65,create_autonomy,Commits,{'46bfbdf19fb33e73a1426815d2f7aece8a621c65': 'Add battery info support'},,1,0,0,0,0
C12,https://github.com/AutonomyLab/create_autonomy/commit/1ffa09c69b198074a3cf15dbe012370226426004,create_autonomy,Commits,{'1ffa09c69b198074a3cf15dbe012370226426004': 'Compute and publish battery charge ratio'},,1,0,0,0,0
C13,https://github.com/AutonomyLab/create_autonomy/commit/d7bffabe38a15935526a0a31380497e1d317e68d,create_autonomy,Commits,{'d7bffabe38a15935526a0a31380497e1d317e68d': 'utonomyLab/charge-ratio\n\nCompute and publish battery charge ratio'},,1,0,0,0,0
C23,https://github.com/autowarefoundation/autoware/commit/56c9e1786e649bcb15649c98af03404019491067,autoware,Commits,{'56c9e1786e649bcb15649c98af03404019491067': '\r\n* Add bettery charge [%] topic -> /vehicle/battery\r\n\r\nSigned-off-by: Akihito Ohsato <aohsato@g'},,1,0,0,0,0
C24,https://github.com/autowarefoundation/autoware/commit/ddc9eb90a73fe242f3711406c4c5a57f744837d1,autoware,Commits,{'ddc9eb90a73fe242f3711406c4c5a57f744837d1': 'add battery charging state (#2256)\n\nSigned-off-by: Azum'},,1,0,0,0,0
C26,https://github.com/bayesian-object-tracking/dbot_ros/commit/e16d792db8121b2a03b59a07ae98556432a2028b,dbot_ros,Commits,{'e16d792db8121b2a03b59a07ae98556432a2028b': 'Updated tracked in object.yaml to impact_battery'},,1,0,0,0,0
C27,https://github.com/BCLab-UNM/SwarmBaseCode-ROS/commit/63167eef4d8e8194aad89b1918dcb702eaa4d183,SwarmBaseCode-ROS,Commits,"{'63167eef4d8e8194aad89b1918dcb702eaa4d183': 'eeded for Swarmathon\n- Deleted rover_onboard_battery, _health_status, _mapping, and _path_planni'}",,1,0,0,0,0
C39,https://github.com/BCLab-UNM/SwarmBaseCode-ROS/commit/6eaf5ccb12839f2960284ca4131b34ae13cc2e7c,SwarmBaseCode-ROS,Commits,{'6eaf5ccb12839f2960284ca4131b34ae13cc2e7c': ' Integral constant a little to help with low battery state and attempting to aline to a target b'},,1,0,0,0,0
C41,https://github.com/chrisl8/ArloBot/commit/a1ce8e830447b6166c04e646a2d1ee9712e0d29e,ArloBot,Commits,{'a1ce8e830447b6166c04e646a2d1ee9712e0d29e': 'Added arlobot_safety package to monitor AC power on laptop and shut down motors if the ArloBo'},,0,0,1,0,0
C43,https://github.com/chrisl8/ArloBot/commit/0378a457b532a717428bf84c3d61f39b33c5f446,ArloBot,Commits,{'0378a457b532a717428bf84c3d61f39b33c5f446': 'messsages from arlobot_safety and add laptop battery level monitoring.'},,1,0,0,0,0
C44,https://github.com/chrisl8/ArloBot/commit/58c3efc2808e01e84ad2d30d5eac5f7ff8f15f36,ArloBot,Commits,{'58c3efc2808e01e84ad2d30d5eac5f7ff8f15f36': 'New files for replacing main power switch with relay.'},,0,0,1,0,0
C45,https://github.com/chrisl8/ArloBot/commit/8b8441cc81133b4d092396d148984a8dcf812777,ArloBot,Commits,{'8b8441cc81133b4d092396d148984a8dcf812777': 'Rewrite Node (web interface) laptop battery check code to be faster and cause less load'},,1,0,0,0,0
C49,https://github.com/chrisl8/ArloBot/commit/2c9258ee9108c8e301e9c47f96b21c03c066167c,ArloBot,Commits,"{'2c9258ee9108c8e301e9c47f96b21c03c066167c': ' issues with no LED, no quickstart board, no battery voltage monitor configuration.'}",,1,0,0,0,0
C52,https://github.com/CopterExpress/clever/commit/cf4c5a120bd2188a7dc7b4f2294dd913f548ba5c,clever,Commits,{'cf4c5a120bd2188a7dc7b4f2294dd913f548ba5c': 'Create powerConnection.md'},,0,0,1,0,0
C59,https://github.com/CopterExpress/clever/commit/bcd88d6d4d515c1bdf14508ddcb4315e68021903,clever,Commits,{'bcd88d6d4d515c1bdf14508ddcb4315e68021903': 'rc: fix low battery notification throttling'},,1,0,0,0,0
C60,https://github.com/CopterExpress/clever/commit/cd34277c64539b8d1f7a07e7276e5c1b68a376c3,clever,Commits,"{'cd34277c64539b8d1f7a07e7276e5c1b68a376c3': 'mean soldering iron?)\n- l.82 ""disconnect the power and move yellow jumper to the other tweezer""'}",,0,0,1,0,0
C61,https://github.com/CopterExpress/clever/commit/67392a8f1e1037dac3a13598fa975dc6e0be9bb7,clever,Commits,{'67392a8f1e1037dac3a13598fa975dc6e0be9bb7': 'selfcheck.py: add battery voltage checks'},,1,0,0,0,0
C73,https://github.com/craftit/DogBotSoftware/commit/5e98c48a1dd2eb10b808cb621e3c6681e5b206d7,DogBotSoftware,Commits,{'5e98c48a1dd2eb10b808cb621e3c6681e5b206d7': 'Update for 6 cell battery voltages.'},,1,0,0,0,0
C78,https://github.com/edinferno/edinferno/commit/1ecd3f6dbbf81fbb0b603e378e3465c169853fe4,edinferno,Commits,"{'1ecd3f6dbbf81fbb0b603e378e3465c169853fe4': 'er class, publishes if Nao is un/plugged and battery charge'}",,1,0,0,0,0
C82,https://github.com/elpimous/Neo_robot/commit/5b72116b98ebd99ae72cd7fb7ee8afa061992dd2,Neo_robot,Commits,{'5b72116b98ebd99ae72cd7fb7ee8afa061992dd2': 'A package with energy vocal alerts.'},,0,1,0,0,0
C94,https://github.com/ethz-asl/asctec_mav_framework/commit/d49f0e9eacfad7e1b7af981ae4f7a9c82affb9e7,asctec_mav_framework,Commits,{'d49f0e9eacfad7e1b7af981ae4f7a9c82affb9e7': 'made battery warning voltage adjustable'},,1,0,0,0,0
C96,https://github.com/ethz-asl/asctec_mav_framework/commit/4a4609040daccccffd8c5fa9f2f3041aa63b2aeb,asctec_mav_framework,Commits,{'4a4609040daccccffd8c5fa9f2f3041aa63b2aeb': 'added battery warnings to rosout'},,1,0,0,0,0
C98,https://github.com/ethz-asl/asctec_mav_framework/commit/7e7550afff079f2e072e8800112deca7fc53dfeb,asctec_mav_framework,Commits,{'7e7550afff079f2e072e8800112deca7fc53dfeb': 'adapted buzzer and main to have the battery warning voltage adjustable'},,1,0,0,0,0
C99,https://github.com/evocortex/optris_drivers/commit/0c80437dea6fabd3bbf6a9f875486332802892bb,optris_drivers,Commits,"{'0c80437dea6fabd3bbf6a9f875486332802892bb': 'ed features:\n- box, flag, chip temperature\n- energy and temperature mode\n- force flag trigger'}",,0,1,0,0,0
C100,https://github.com/fetchrobotics/fetch_robots/commit/b1445293704b1b026d377041b2d24c7f6a36e66e,fetch_robots,Commits,{'b1445293704b1b026d377041b2d24c7f6a36e66e': 'Ensure robots power off safely when instructed to\n\nAlso:\n- Fix r'},,0,0,1,0,0
C101,https://github.com/fetchrobotics/fetch_robots/commit/4432ece5640efaefe03d56c2874fe0c186b50944,fetch_robots,Commits,{'4432ece5640efaefe03d56c2874fe0c186b50944': 'Update wifi power management disabling'},,0,0,1,0,0
C109,https://github.com/g/grizzly/commit/c8a611a5889afc9a0e4b22a664907bfa9b2888ed,grizzly,Commits,{'c8a611a5889afc9a0e4b22a664907bfa9b2888ed': 'energy changed to 25 hz'},,0,1,0,0,0
C110,https://github.com/g/grizzly/commit/b5eae08150cebeb5a8bf17850d2ff308b772275e,grizzly,Commits,"{'b5eae08150cebeb5a8bf17850d2ff308b772275e': 'Added dead reckoning and energy estimation nodes, fixed up fan control, faul'}",,0,1,0,0,0
C111,https://github.com/g/grizzly/commit/a3de858670acda1e548105f74737ee9a9e5cb992,grizzly,Commits,{'a3de858670acda1e548105f74737ee9a9e5cb992': 're-route energy reading to mcu/energy'},,0,2,0,0,0
C112,https://github.com/g/grizzly/commit/81646772a66828703efa2c0a94c9c6f255fd4084,grizzly,Commits,{'81646772a66828703efa2c0a94c9c6f255fd4084': 'energy node changed to only use user voltage at sta'},,0,1,0,0,0
C113,https://github.com/g/grizzly/commit/6a61878288b3dddc50cf0ef68a5ca3970cde99dd,grizzly,Commits,{'6a61878288b3dddc50cf0ef68a5ca3970cde99dd': 'Reduce frequency of energy publication'},,0,1,0,0,0
C118,https://github.com/inomuh/evapi_ros/commit/71847c464ae192c1c52e8bbb234a40e9a9359187,evapi_ros,Commits,{'71847c464ae192c1c52e8bbb234a40e9a9359187': 'add voltage and battery msgs'},,1,0,0,0,0
C119,https://github.com/inomuh/evapi_ros/commit/a355cd6a4820df1c81b341c689da7371b4dc1f8a,evapi_ros,Commits,{'a355cd6a4820df1c81b341c689da7371b4dc1f8a': 'add battery sensor'},,1,0,0,0,0
C120,https://bitbucket.org/internationalauto/auto_guidance/commit/2ae3fd3b1ba3ee526fbb90467c44b8513087046d,auto_guidance,Commits,"{'2ae3fd3b1ba3ee526fbb90467c44b8513087046d': ' follow one path\n\nToDo:\n- error_codes, stop, battery_level\n- several paths'}",,1,0,0,0,0
C121,https://github.com/ipa320/cob_control/commit/b5a5062bac54847d28ab89a64474e4683a0ecec0,cob_control,Commits,{'b5a5062bac54847d28ab89a64474e4683a0ecec0': 'the new powerchain implementation with slight modification'},,0,0,1,0,0
C124,https://github.com/ipa320/cob_environment_perception/commit/e2936eec9c64a3d67ba25c60ae53b56d19b0f002,cob_environment_perception,Commits,{'e2936eec9c64a3d67ba25c60ae53b56d19b0f002': 'introduced energy factor'},,0,1,0,0,0
C125,https://github.com/ipa320/cob_environment_perception/commit/fb82f1f58f70466b74ef2f1f4bd2415a17a81e2c,cob_environment_perception,Commits,{'fb82f1f58f70466b74ef2f1f4bd2415a17a81e2c': 'changed energy_order'},,0,1,0,0,0
C134,https://github.com/ipa320/cob_command_tools/commit/fa2e5480793e09b426331c16aa00a22c60568271,cob_command_tools,Commits,{'fa2e5480793e09b426331c16aa00a22c60568271': 'enhanced battery monitoring'},,1,0,0,0,0
C135,https://github.com/ipa320/cob_command_tools/commit/d91bae8dc2819e1a465cd1b1cf52b6ecb22ff6b3,cob_command_tools,Commits,{'d91bae8dc2819e1a465cd1b1cf52b6ecb22ff6b3': 'cob_battery for dashboard'},,1,0,0,0,0
C136,https://github.com/ipa320/cob_command_tools/commit/db673ee236b6713e7e73869f8eb40ae0e8bf5b21,cob_command_tools,Commits,{'db673ee236b6713e7e73869f8eb40ae0e8bf5b21': 'Update battery_monitor.py'},,1,0,0,0,0
C156,https://github.com/ipa320/cob_perception_common/commit/10aedf3bfa585e602fc3e124067dc635e2c71efa,cob_perception_common,Commits,"{'10aedf3bfa585e602fc3e124067dc635e2c71efa': 'renamed msg + added energy value, encoded as XML'}",,0,1,0,0,0
C164,https://github.com/ipa320/cob_robots/commit/a5c9a887d7a45a63f53aa4f05f43911c8729e3a1,cob_robots,Commits,{'a5c9a887d7a45a63f53aa4f05f43911c8729e3a1': 'enhanced battery monitoring'},,1,0,0,0,0
C179,https://github.com/ipa320/cob_robots/commit/45eeefe7a71d9722b35d3048143fd99200787b51,cob_robots,Commits,{'45eeefe7a71d9722b35d3048143fd99200787b51': 's://github.com/ipa320/cob_robots into raw3-5_battery_voltage'},,1,0,0,0,0
C180,https://github.com/ipa320/cob_robots/commit/1f1bb83ee0225eaf45114cab756db938d45247c2,cob_robots,Commits,"{'1f1bb83ee0225eaf45114cab756db938d45247c2': ""Merge branch 'raw3-5_battery_voltage' of github.com:iirob/cob_robots int""}",,1,0,0,0,0
C181,https://github.com/ipa320/cob_robots/commit/6648ba4ef47b8eec939e4e32966cb4c470813b24,cob_robots,Commits,"{'6648ba4ef47b8eec939e4e32966cb4c470813b24': ""' of github.com:iirob/cob_robots into raw3-5_battery_voltage""}",,1,0,0,0,0
C182,https://github.com/ipa320/cob_robots/commit/f924b0fc366619ce825f459df645aee1a37ce56e,cob_robots,Commits,{'f924b0fc366619ce825f459df645aee1a37ce56e': 's://github.com/ipa320/cob_robots into raw3-5_battery_voltage'},,1,0,0,0,0
C184,https://github.com/ipa320/cob_robots/commit/2c6f0c9470703a10de25b8b266cf57d3616ee1be,cob_robots,Commits,"{'2c6f0c9470703a10de25b8b266cf57d3616ee1be': ""Merge remote-tracking branch 'origin/raw3-5_battery_voltage' into update_raw3-5""}",,1,0,0,0,0
C185,https://github.com/ipa320/cob_robots/commit/73af7b46f78a93741d8c230396b31ce30d178b52,cob_robots,Commits,{'73af7b46f78a93741d8c230396b31ce30d178b52': 'added battery light monitor to cob4-2s bringup'},,1,0,0,0,0
C186,https://github.com/ipa320/cob_robots/commit/a9266f9be614a20292ab3d8a57e8e036b60acabf,cob_robots,Commits,{'a9266f9be614a20292ab3d8a57e8e036b60acabf': 'added battery_light_monitor launch to cob4-1 bringup'},,1,0,0,0,0
C187,https://github.com/ipa320/cob_robots/commit/4fbda37b1333fd04dca37b912e7febbf557cf219,cob_robots,Commits,{'4fbda37b1333fd04dca37b912e7febbf557cf219': 'added battery_light_monitor config'},,1,0,0,0,0
C188,https://github.com/ipa320/cob_robots/commit/9aaed57c536faafc17090ed5c2a1be27616af535,cob_robots,Commits,{'9aaed57c536faafc17090ed5c2a1be27616af535': 'load battery light config to param server'},,1,0,0,0,0
C220,https://github.com/ipa320/cob_robots/commit/3f214ae452a9a46726fd2ffa638cf3088b94942e,cob_robots,Commits,{'3f214ae452a9a46726fd2ffa638cf3088b94942e': 'changes for using fake docking and power usage'},,0,0,1,0,0
C221,https://github.com/ipa320/cob_robots/commit/2576ba237f5dfd43b0fec90d2adf354b178f8a30,cob_robots,Commits,{'2576ba237f5dfd43b0fec90d2adf354b178f8a30': '_docking\n\nchanges for using fake docking and power usage'},,0,0,1,0,0
C247,https://github.com/jhu-asco/aerial_autonomy/commit/f861c94c2557008386828e251c1dabf69dcba36e,aerial_autonomy,Commits,"{'f861c94c2557008386828e251c1dabf69dcba36e': 'f, position control\n\nWhen taking off, if low battery, should try to land\nWhen reaching goal, if '}",,1,0,0,0,0
C248,https://github.com/jhu-asco/aerial_autonomy/commit/22f583c2dc304122cf28ac81074d326941d72c10,aerial_autonomy,Commits,{'22f583c2dc304122cf28ac81074d326941d72c10': ' is closed\nIt also generates a land event if battery is low'},,1,0,0,0,0
C253,https://github.com/jhu-asco/aerial_autonomy/commit/56c740d2f0dc4b5a200a01316a351f7ead2527c6,aerial_autonomy,Commits,"{'56c740d2f0dc4b5a200a01316a351f7ead2527c6': ""Merge branch 'master' into remove-low-battery-land""}",,1,0,0,0,0
C255,https://github.com/jhu-asco/aerial_autonomy/commit/a5f9ca7080f30f1683081bc75153f8e18baf054e,aerial_autonomy,Commits,{'a5f9ca7080f30f1683081bc75153f8e18baf054e': 'ge pull request #87 from jhu-asco/remove-low-battery-land\n\nAbort instead of Land when battery is'},,2,0,0,0,0
C256,https://github.com/jhu-asco/aerial_autonomy/commit/23597ad499b1025ddea1915a4cae899b3edf14db,aerial_autonomy,Commits,"{'23597ad499b1025ddea1915a4cae899b3edf14db': 'grator to xy in rpyt vel controller, reduce battery percentage'}",,1,0,0,0,0
C257,https://github.com/jhu-asco/aerial_autonomy/commit/c1d07349ac8e879de3ba260cc24494567a3331a9,aerial_autonomy,Commits,"{'c1d07349ac8e879de3ba260cc24494567a3331a9': 'grator to xy in rpyt vel controller, reduce battery percentage'}",,1,0,0,0,0
C264,https://github.com/jsk-ros-pkg/jsk_common/commit/179ab3e90898c57715c5bcc6fc9372b89533312a,jsk_common,Commits,{'179ab3e90898c57715c5bcc6fc9372b89533312a': 'add battery full capacity summary script'},,1,0,0,0,0
C266,https://github.com/jsk-ros-pkg/jsk_common/commit/a63ced4051a95399ec6d1f0cb564f760092af147,jsk_common,Commits,{'a63ced4051a95399ec6d1f0cb564f760092af147': 'add hardware id tp battery capacity'},,1,0,0,0,0
C268,https://github.com/jsk-ros-pkg/jsk_common/commit/dee622635bcaab46b8518bb4e31f328c2b54e0b2,jsk_common,Commits,{'dee622635bcaab46b8518bb4e31f328c2b54e0b2': '[jsk_tools/bin/battery_capacity_summary.py] more battery info'},,2,0,0,0,0
C274,https://github.com/jsk-ros-pkg/jsk_common/commit/046aca85dd1387cadc13f44c0725bae3111d1e93,jsk_common,Commits,{'046aca85dd1387cadc13f44c0725bae3111d1e93': 'Show unit of full/remaining capacity in battery_capacity_summary.py'},,1,0,0,0,0
C275,https://github.com/jsk-ros-pkg/jsk_common/commit/0b6690df6adf1c94883b5399f961694866460d51,jsk_common,Commits,{'0b6690df6adf1c94883b5399f961694866460d51': 'Show voltage as well in battery_capacity_summary.py'},,1,0,0,0,0
C278,https://github.com/jsk-ros-pkg/jsk_pr2eus/commit/e34aacb7afdbbdf3c543bef95df3065858b7590e,jsk_pr2eus,Commits,{'e34aacb7afdbbdf3c543bef95df3065858b7590e': 'modified time-limit for low power PC'},,0,0,1,0,0
C284,https://github.com/jsk-ros-pkg/jsk_robot/commit/b97363a0db298ee2b9cfde6a1d4070a5659a833d,jsk_robot,Commits,{'b97363a0db298ee2b9cfde6a1d4070a5659a833d': 'stop base when power cable plugged'},,0,0,1,0,0
C285,https://github.com/jsk-ros-pkg/jsk_robot/commit/d0ae8837d6ade9f263ed5bb96dbf4b90d409449a,jsk_robot,Commits,"{'d0ae8837d6ade9f263ed5bb96dbf4b90d409449a': ""Speak the remaining percentages of the battery if it's not charged""}",,1,0,0,0,0
C289,https://github.com/jsk-ros-pkg/jsk_robot/commit/c4f1b2034eea26f16c2f160c15f3de0f05513e65,jsk_robot,Commits,{'c4f1b2034eea26f16c2f160c15f3de0f05513e65': 'speak the percentage of the battery with min charge'},,1,0,0,0,0
C290,https://github.com/jsk-ros-pkg/jsk_robot/commit/0ce68037ff9c962ce2af56406673af13a0b35fdf,jsk_robot,Commits,"{'0ce68037ff9c962ce2af56406673af13a0b35fdf': ""chiwunau/master\n\nspeak the percentage of the battery with min charge and it's id""}",,1,0,0,0,0
C291,https://github.com/jsk-ros-pkg/jsk_robot/commit/1e52d21be4d1815a2be2b1a747f42e76e67685ef,jsk_robot,Commits,{'1e52d21be4d1815a2be2b1a747f42e76e67685ef': 'Record battery info before pwer go off'},,1,0,0,0,0
C292,https://github.com/jsk-ros-pkg/jsk_robot/commit/1f002d02335715f373a08b0bffb355bb5f4d6d7c,jsk_robot,Commits,{'1f002d02335715f373a08b0bffb355bb5f4d6d7c': 'unau/battery_log\n\nRecord battery info before power go off'},,2,0,1,0,0
C301,https://github.com/jsk-ros-pkg/jsk_robot/commit/bef80be6e9bbd071df257eb98ebe987f71cdedf1,jsk_robot,Commits,{'bef80be6e9bbd071df257eb98ebe987f71cdedf1': 'Merge pull request #1082 from knorth55/battery-warning\n\n[jsk_pr2_startup] use new battery '},,2,0,0,0,0
C330,https://github.com/knowrob/knowrob/commit/2a2b42a356fbdac8aecd10e4fd443630029254b4,knowrob,Commits,{'2a2b42a356fbdac8aecd10e4fd443630029254b4': 'mod_localization and mod_battery_state are added.\n\ngit-svn-id: http://code.i'},,1,0,0,0,0
C331,https://github.com/knowrob/knowrob/commit/0f32ff2b589a3faa7596f9a5dc16838999aa10f5,knowrob,Commits,{'0f32ff2b589a3faa7596f9a5dc16838999aa10f5': 'mod_localization and mod_battery_state are merged into mod_self_info. mod_se'},,1,0,0,0,0
C334,https://github.com/kucars/haptic_teleoperation/commit/47f03ff156b02ff659613ee8b52d3ef09424f2b7,haptic_teleoperation,Commits,{'47f03ff156b02ff659613ee8b52d3ef09424f2b7': 'ooler will not send data to the robot if the battery is less that 40 %.'},,1,0,0,0,0
C335,https://github.com/kuka-isir/cart_opt_ctrl/commit/baee14bdb4ccbf46621e4b5cbf47e814aa3f6f95,cart_opt_ctrl,Commits,{'baee14bdb4ccbf46621e4b5cbf47e814aa3f6f95': 'Adding the kinetic energy constraint'},,0,1,0,0,0
C336,https://github.com/kuka-isir/cart_opt_ctrl/commit/bb2a91256af09290861ab7fea6d125a7a45467df,cart_opt_ctrl,Commits,"{'bb2a91256af09290861ab7fea6d125a7a45467df': ""Filter robot's kinetic energy""}",,0,1,0,0,0
C342,https://github.com/markusk/minibot/commit/1dc5a830652f422ab6744c36583300a888264e6b,minibot,Commits,{'1dc5a830652f422ab6744c36583300a888264e6b': 'initial commit for AD conversion for battery check'},,1,0,0,0,0
C343,https://github.com/markusk/minibot/commit/929f29eceb84524a03de177852403023524cde28,minibot,Commits,{'929f29eceb84524a03de177852403023524cde28': 'Added AD converter code for checking battery voltage'},,1,0,0,0,0
C347,https://github.com/markusk/minibot/commit/501ba55bb6c93484ad6b44afaf47475070af084e,minibot,Commits,{'501ba55bb6c93484ad6b44afaf47475070af084e': 'emptying battery okay'},,1,0,0,0,0
C350,https://github.com/markusk/minibot/commit/a108e44ed47ec3e25ef8b16ab591466be3748fb4,minibot,Commits,{'a108e44ed47ec3e25ef8b16ab591466be3748fb4': 'changed code to work with battery service'},,1,0,0,0,0
C373,https://github.com/mavlink/mavros/commit/08ae1cc15783a7b1b69cf2176079f5a2c6c88bd2,mavros,Commits,"{'08ae1cc15783a7b1b69cf2176079f5a2c6c88bd2': 'sys_status: Add battery status monitoring\n\nFix #19, partial #16.'}",,1,0,0,0,0
C382,https://github.com/OUXT-Polaris/robotx_core/commit/e54f7583729c6be154a5ddbb54c9be266f5c6c7f,robotx_core,Commits,{'e54f7583729c6be154a5ddbb54c9be266f5c6c7f': 'add battery_monitor_driver_node'},,1,0,0,0,0
C385,https://github.com/pandora-auth-ros-pkg/pandora_ros_pkgs/commit/6bc7232a38bc2fb353c8659ed988a4a174eb138c,pandora_ros_pkgs,Commits,{'6bc7232a38bc2fb353c8659ed988a4a174eb138c': 'Fix battery monitor with new interfaces [ci skip]'},,1,0,0,0,0
C386,https://github.com/pandora-auth-ros-pkg/pandora_ros_pkgs/commit/f3f28f219de42f1fa3536bc40e289e07d7dc72a8,pandora_ros_pkgs,Commits,{'f3f28f219de42f1fa3536bc40e289e07d7dc72a8': 'Update battery_monitor.py'},,1,0,0,0,0
C387,https://github.com/pandora-auth-ros-pkg/pandora_ros_pkgs/commit/a4b496c966edafd5d28b91228b314de795ba2d4b,pandora_ros_pkgs,Commits,{'a4b496c966edafd5d28b91228b314de795ba2d4b': ' sonars\n - differential joint encoder\n - battery voltage\n (in addition to the existing co2'},,1,0,0,0,0
C388,https://github.com/pandora-auth-ros-pkg/pandora_ros_pkgs/commit/7930fb11fe3f090b608faa889b6b6645f8a90a5e,pandora_ros_pkgs,Commits,{'7930fb11fe3f090b608faa889b6b6645f8a90a5e': 'Change battery_monitor script to beep below 22.0 Volts'},,1,0,0,0,0
C389,https://github.com/pandora-auth-ros-pkg/pandora_ros_pkgs/commit/c5e6794b2ef06cb56f0d3d9083fe2f95feed7ef7,pandora_ros_pkgs,Commits,{'c5e6794b2ef06cb56f0d3d9083fe2f95feed7ef7': 'Fix for false beep for batteries when arm resets'},,1,0,0,0,0
C390,https://github.com/pandora-auth-ros-pkg/pandora_ros_pkgs/commit/38902da39da411be7c5abc776ef01a583145c754,pandora_ros_pkgs,Commits,{'38902da39da411be7c5abc776ef01a583145c754': 'Fix for false beep for batteries when arm resets'},,1,0,0,0,0
C391,https://github.com/pandora-auth-ros-pkg/pandora_ros_pkgs/commit/2d981a668f74fb43eb9af53d6ab981fd9006211e,pandora_ros_pkgs,Commits,"{'2d981a668f74fb43eb9af53d6ab981fd9006211e': ' Also fixes logical error, due to, which the battery_monitor script\n beeped when an invalid rea'}",,1,0,0,0,0
C392,https://github.com/pandora-auth-ros-pkg/pandora_ros_pkgs/commit/bca11c8df50c054b7292d76762e3d8fe8db1f2e7,pandora_ros_pkgs,Commits,{'bca11c8df50c054b7292d76762e3d8fe8db1f2e7': 'Add battery voltage validity check (>12V)'},,1,0,0,0,0
C393,https://github.com/pantor/ros-control-center/commit/becfb2e4123e15d8f00fa6d4edfe6667be018197,ros-control-center,Commits,"{'becfb2e4123e15d8f00fa6d4edfe6667be018197': 'new screenshot, battery view, better overflow'}",,1,0,0,0,0
C395,https://github.com/pantor/ros-control-center/commit/32eef4d274aae34f760512d437ae20e8d888e28d,ros-control-center,Commits,"{'32eef4d274aae34f760512d437ae20e8d888e28d': 'battery status bar, fixed undefined error'}",,1,0,0,0,0
C397,https://github.com/pantor/ros-control-center/commit/6e847f1910f53a01893045d8ba3a4b1a62a95653,ros-control-center,Commits,{'6e847f1910f53a01893045d8ba3a4b1a62a95653': 'battery status percentage'},,1,0,0,0,0
C403,https://github.com/PR2/pr2_plugs/commit/ce6a0793645dde41941a1ef096f029b2aac0d12c,pr2_plugs,Commits,{'ce6a0793645dde41941a1ef096f029b2aac0d12c': 're-added battery_stub.py to pr2_plugs/pr2_plugs_executive/sc'},,1,0,0,0,0
C404,https://github.com/PR2/pr2_plugs/commit/37c1fa75d40d06551f8faefdd8def132b1dc4051,pr2_plugs,Commits,{'37c1fa75d40d06551f8faefdd8def132b1dc4051': 'recharge application does not look at battery levels any more'},,1,0,0,0,0
C405,https://github.com/PR2/pr2_robot/commit/49b6649a38c81d9367c60b20c006334f978051bf,pr2_robot,Commits,{'49b6649a38c81d9367c60b20c006334f978051bf': 'imu only gets calibrated when the torso lost power'},,0,0,1,0,0
C407,https://github.com/PR2/pr2_robot/commit/45993ea95b144ede43ddcd068882c65a75c34c7d,pr2_robot,Commits,{'45993ea95b144ede43ddcd068882c65a75c34c7d': 'Enabled tilt laser and battery server'},,1,0,0,0,0
C412,https://github.com/PR2/pr2_self_test/commit/cd1a834e36674672be6002364fc039df51025a84,pr2_self_test,Commits,{'cd1a834e36674672be6002364fc039df51025a84': 'Forgot to disable power board for wge100 config scripts.'},,0,0,1,0,0
C413,https://github.com/PR2/pr2_self_test/commit/57a67418d77a30937986c92e9209bd925217fa2b,pr2_self_test,Commits,"{'57a67418d77a30937986c92e9209bd925217fa2b': 'Auto power start, use bays, GUI changes to Test Manager'}",,0,0,1,0,0
C425,https://github.com/rapp-project/rapp-platform/commit/ddb1855558e9f481f2fd15b9c0a3f3f4162059e8,rapp-platform,Commits,{'ddb1855558e9f481f2fd15b9c0a3f3f4162059e8': 'added a simple energy denoiser'},,0,1,0,0,0
C426,https://github.com/rapp-project/rapp-platform/commit/50c6a9a8a33b24533242cb92e2eb2791742c58c3,rapp-platform,Commits,{'50c6a9a8a33b24533242cb92e2eb2791742c58c3': 'Trimmed power denoiser. Must incorporate in sphinx wrapper'},,0,0,1,0,0
C427,https://github.com/rapp-project/rapp-platform/commit/74a10ac7ee31efd3fcc406fc7cef6b446d4737ec,rapp-platform,Commits,{'74a10ac7ee31efd3fcc406fc7cef6b446d4737ec': 'rk. Added plot debugging in audio processing energy denoising. Refactored a bit sphinx4_wrapper'},,0,1,0,0,0
C428,https://github.com/rapp-project/rapp-platform/commit/0175a154b91310e7db4e052e2007eb37ada2353a,rapp-platform,Commits,{'0175a154b91310e7db4e052e2007eb37ada2353a': 'y behavior in speech recognition with higher energy denoising. Refactored yes-no benchmark. Lowe'},,0,1,0,0,0
C429,https://github.com/rapp-project/rapp-platform/commit/a51e3247fbb8ad346def0b8598f8a10c4ee416a3,rapp-platform,Commits,{'a51e3247fbb8ad346def0b8598f8a10c4ee416a3': 'Refactoring and unit testing in energy denoising'},,0,1,0,0,0
C430,https://github.com/RCPRG-ros-pkg/elektron_robot/commit/8e81bcb77683b85b036914ae12e1dbc681b00a9a,elektron_robot,Commits,{'8e81bcb77683b85b036914ae12e1dbc681b00a9a': 'Laptop battery monitor'},,1,0,0,0,0
C431,https://github.com/RCPRG-ros-pkg/elektron_robot/commit/31a3929a9174faf9928b68ddd1cffe8c66815504,elektron_robot,Commits,{'31a3929a9174faf9928b68ddd1cffe8c66815504': 'Main battery monitor'},,1,0,0,0,0
C432,https://github.com/RCPRG-ros-pkg/elektron_robot/commit/cdae2d1158c4281aeb82da803968e37933cd2bad,elektron_robot,Commits,{'cdae2d1158c4281aeb82da803968e37933cd2bad': 'Sound indication of battery lvl'},,1,0,0,0,0
C437,https://github.com/RoboJackets/igvc-software/commit/d715608ec38ed87a47835a80c1cc1f5598216988,igvc-software,Commits,{'d715608ec38ed87a47835a80c1cc1f5598216988': ' detecting white pixels.\n7. Decreased thrust power of autonomous mode to 75%.\n8. Decreased the '},,0,0,1,0,0
C438,https://github.com/RoboJackets/igvc-software/commit/c957d7b1542c02f1be755b7c11ce5403e2e5417b,igvc-software,Commits,{'c957d7b1542c02f1be755b7c11ce5403e2e5417b': ' detecting white pixels.\n7. Decreased thrust power of autonomous mode to 75%.\n8. Decreased the '},,0,0,1,0,0
C447,https://github.com/RoboJackets/igvc-software/commit/08ac3e9f813086547a4c27b57f0c9dfc8485d4bb,igvc-software,Commits,{'08ac3e9f813086547a4c27b57f0c9dfc8485d4bb': 'Adds battery monitor to dashboard.\nChanges layout of das'},,1,0,0,0,0
C451,https://github.com/RoboJackets/igvc-software/commit/317000497182a2db67f03eea3419fccf66ca6d22,igvc-software,Commits,{'317000497182a2db67f03eea3419fccf66ca6d22': 'added time delayed average for battery voltage'},,1,0,0,0,0
C452,https://github.com/RoboJackets/igvc-software/commit/76decabe4342d3f716d3416cd1881961dcf93d70,igvc-software,Commits,{'76decabe4342d3f716d3416cd1881961dcf93d70': 'fixed issue with low battery warning never publishing'},,1,0,0,0,0
C453,https://github.com/RoboJackets/igvc-software/commit/c205798cfbad6f878b705aa63a4edbfc9fdc3dd4,igvc-software,Commits,{'c205798cfbad6f878b705aa63a4edbfc9fdc3dd4': 'Fix string comparison bug. Improve battery avg voltage calculation'},,1,0,0,0,0
C454,https://github.com/RoboJackets/igvc-software/commit/0b0d48c140b24ec02fb9b79612a074fcedfb0544,igvc-software,Commits,{'0b0d48c140b24ec02fb9b79612a074fcedfb0544': 'set initial battery voltage equal to min battery voltage'},,2,0,0,0,0
C462,https://github.com/robotican/lizi/commit/a86ef6fe4aa28034cca55b12e268a77efc6ac362,lizi,Commits,{'a86ef6fe4aa28034cca55b12e268a77efc6ac362': 'added ros battery and gps topics + minor fixes'},,1,0,0,0,0
C463,https://github.com/robotican/lizi/commit/12459940200771f8c926609d456c10b70019bb0e,lizi,Commits,{'12459940200771f8c926609d456c10b70019bb0e': 'publish battery on any state'},,1,0,0,0,0
C465,https://github.com/ROBOTIS-GIT/turtlebot3/commit/5d9f848b19b093db61947a76562fa43087b44542,turtlebot3,Commits,{'5d9f848b19b093db61947a76562fa43087b44542': 'added battery voltage msg and info'},,1,0,0,0,0
C474,https://github.com/ros-industrial/motoman/commit/b957c4074d02897aa78f6443586741d70be3bdac,motoman,Commits,{'b957c4074d02897aa78f6443586741d70be3bdac': 'iver - Update\n\nFixed enabling servos when in energy-savings mode.\nRemoved extra task creation wh'},,0,1,0,0,0
C475,https://github.com/ros-industrial/motoman/commit/c367f27d1a5b23303c8044b9acbf6cae4d8c9f6b,motoman,Commits,{'c367f27d1a5b23303c8044b9acbf6cae4d8c9f6b': 'or the motion.\nFixed enabling servos when in energy-savings mode.\nRemoved extra task creation wh'},,0,1,0,0,0
C476,https://github.com/ros-industrial/motoman/commit/0864f8c555e3e9e493a7db4f8fe1ecf06dcf8d67,motoman,Commits,{'0864f8c555e3e9e493a7db4f8fe1ecf06dcf8d67': 'or the motion.\nFixed enabling servos when in energy-savings mode.\nRemoved extra task creation wh'},,0,1,0,0,0
C477,https://github.com/ros-industrial/motoman/commit/68657f1b0c2b657ee1dd8010cf74f7ba27286296,motoman,Commits,{'68657f1b0c2b657ee1dd8010cf74f7ba27286296': 'or the motion.\nFixed enabling servos when in energy-savings mode.\nRemoved extra task creation wh'},,0,1,0,0,0
C478,https://github.com/ros-industrial/motoman/commit/bdd091fb8ddb12c8647c645b3a74a677dd920e62,motoman,Commits,{'bdd091fb8ddb12c8647c645b3a74a677dd920e62': 'or the motion.\nFixed enabling servos when in energy-savings mode.\nRemoved extra task creation wh'},,0,1,0,0,0
C479,https://github.com/ros-industrial/motoman/commit/1bbf3930c38688fb380ff8af5125e92cad530370,motoman,Commits,{'1bbf3930c38688fb380ff8af5125e92cad530370': 'or the motion.\nFixed enabling servos when in energy-savings mode.\nRemoved extra task creation wh'},,0,1,0,0,0
C481,https://github.com/ros-interactive-manipulation/pr2_object_manipulation/commit/6666d1a9a1f483141befdb9d2d24a347dfaf1f28,pr2_object_manipulation,Commits,{'6666d1a9a1f483141befdb9d2d24a347dfaf1f28': 'added battery level text'},,1,0,0,0,0
C491,https://github.com/ros/diagnostics/commit/effce4881580f64b9c201944572608ce544b6cd4,diagnostics,Commits,{'effce4881580f64b9c201944572608ce544b6cd4': 'shoulder test tweaking and adding auto power control'},,0,0,1,0,0
C494,https://github.com/ros/diagnostics/commit/0566117a74a3bed78d4bd13fb025ab4d5d70f8c6,diagnostics,Commits,{'0566117a74a3bed78d4bd13fb025ab4d5d70f8c6': 'Modify hot box to depend on battery driver for email when low battery'},,2,0,0,0,0
C495,https://github.com/ros/diagnostics/commit/81d72d11b3b2a018b75046ef272fffeba649aca2,diagnostics,Commits,{'81d72d11b3b2a018b75046ef272fffeba649aca2': 'Fix type on battery notify call'},,1,0,0,0,0
C499,https://github.com/rosflight/rosflight/commit/9d6f3fae4c85e2180bb9e4be82f4635d74db2958,rosflight,Commits,{'9d6f3fae4c85e2180bb9e4be82f4635d74db2958': 'Use newest mavlink to support battery status messages'},,1,0,0,0,0
C500,https://github.com/rosflight/rosflight/commit/742373ca3638f41e64f5b9172bb33c8f28ee7527,rosflight,Commits,{'742373ca3638f41e64f5b9172bb33c8f28ee7527': 'Add support for battery monitor messages'},,1,0,0,0,0
C501,https://github.com/rosflight/rosflight/commit/ffb9d98e2ddf6c7595bee04ecf87da06414bc9ad,rosflight,Commits,{'ffb9d98e2ddf6c7595bee04ecf87da06414bc9ad': 'Add battery monitor support'},,1,0,0,0,0
C506,https://github.com/rospilot/rospilot/commit/5cac07dde5600f1fc6df0ceb6ebb83b242b7708c,rospilot,Commits,{'5cac07dde5600f1fc6df0ceb6ebb83b242b7708c': 'Add support for battery voltage monitoring'},,1,0,0,0,0
C507,https://github.com/RoverRobotics/rr_openrover_basic/commit/a38082f4fdfebbf1d311498faf1f00553939bbf2,rr_openrover_basic,Commits,{'a38082f4fdfebbf1d311498faf1f00553939bbf2': 'Added data about battery health and status'},,1,0,0,0,0
C508,https://github.com/RoverRobotics/rr_openrover_basic/commit/bd8607e5493ffeca49ce399270f608c9f233320d,rr_openrover_basic,Commits,{'bd8607e5493ffeca49ce399270f608c9f233320d': 'Added the new battery data to inorbit publisher'},,1,0,0,0,0
C509,https://github.com/RoverRobotics/rr_openrover_basic/commit/86697b0962f5b6f14d4ee854326a01c27d882423,rr_openrover_basic,Commits,{'86697b0962f5b6f14d4ee854326a01c27d882423': 'e pull request #4 from RoverRobotics/feature/battery_status\n\nFeature/battery status'},,2,0,0,0,0
C510,https://github.com/RoverRobotics/rr_openrover_basic/commit/92f8894a44812c893d5dd6b9ba2fc886c70b96be,rr_openrover_basic,Commits,{'92f8894a44812c893d5dd6b9ba2fc886c70b96be': 'Add battery current and battery voltage to OpenRover'},,2,0,0,0,0
C511,https://github.com/RoverRobotics/rr_openrover_basic/commit/f808ae55e1d76d3e784ed384bf37d41e652e39b3,rr_openrover_basic,Commits,{'f808ae55e1d76d3e784ed384bf37d41e652e39b3': 'Add new power info to diagnostics'},,0,0,1,0,0
C514,https://github.com/sbrodeur/ros-icreate-bbb/commit/923d79f9d92c0e96278823931931a002c05bc81d,ros-icreate-bbb,Commits,{'923d79f9d92c0e96278823931931a002c05bc81d': 'Converted battery topic to simple BatteryState message. Remov'},,1,0,0,0,0
C515,https://github.com/sbrodeur/ros-icreate-bbb/commit/dfd64de36499c0841b57a91016698ef320aeb91e,ros-icreate-bbb,Commits,{'dfd64de36499c0841b57a91016698ef320aeb91e': ' complete for most sensors\n\n- NOTE: that the battery percentage and status are not supported yet'},,1,0,0,0,0
C516,https://github.com/sbrodeur/ros-icreate-bbb/commit/6fccca0c95cf8a8c68a45bc7475b725c780d4353,ros-icreate-bbb,Commits,"{'6fccca0c95cf8a8c68a45bc7475b725c780d4353': 'alization\n\n- Added visualization support for battery charge (mAh and percentage),\nand battery st'}",,2,0,0,0,0
C518,https://github.com/seed-solutions/aero-ros-pkg/commit/6e4f32da7e48a25e1956b63273bf7d29e79544dd,aero-ros-pkg,Commits,"{'6e4f32da7e48a25e1956b63273bf7d29e79544dd': 'decimate wheel_base, remove battery detail'}",,1,0,0,0,0
C522,https://github.com/sigmaai/self-driving-golf-cart/commit/18a9076da7065aeb7bcf04d42517dda5ab6aa6a9,self-driving-golf-cart,Commits,{'18a9076da7065aeb7bcf04d42517dda5ab6aa6a9': ' rosbag record.\n\nexamine computer strain and power consumption'},,0,0,1,0,0
C524,https://github.com/start-jsk/rtmros_common/commit/94a46779e53867c17a3eb199a96fe9d4f63dd200,rtmros_common,Commits,{'94a46779e53867c17a3eb199a96fe9d4f63dd200': 'fault rate to 10 ; this process consumes cpu power so much'},,0,0,1,0,0
C525,https://github.com/start-jsk/rtmros_common/commit/af72bee177c1d216f43d9cd9499c99a2319aad75,rtmros_common,Commits,{'af72bee177c1d216f43d9cd9499c99a2319aad75': 'add power indicator'},,0,0,1,0,0
C526,https://github.com/start-jsk/rtmros_common/commit/bb825b2910e0cef86ab26083d9f2f65528777851,rtmros_common,Commits,"{'bb825b2910e0cef86ab26083d9f2f65528777851': 'add calib done, power on, servo alarm message to diagnostics'}",,0,0,1,0,0
C527,https://github.com/start-jsk/rtmros_common/commit/d932c867a39570b867cfd375d7056e1eb0209c75,rtmros_common,Commits,"{'d932c867a39570b867cfd375d7056e1eb0209c75': 'add use_diagnostics, use_rosout, use_battery option in __init__'}",,1,0,0,0,0
C534,https://github.com/bluesat/owr_software/commit/c2c9eeb3c8b1b7d01322913c6ca993d8e47a2df6,owr_software,Commits,{'c2c9eeb3c8b1b7d01322913c6ca993d8e47a2df6': 'Added battery voltage reading.'},,1,0,0,0,0
C544,https://github.com/turtlebot/turtlebot/commit/3f5fe1dc7042a1252551884002ebacb4cf675038,turtlebot,Commits,{'3f5fe1dc7042a1252551884002ebacb4cf675038': 'laptop battery status diagnostics'},,1,0,0,0,0
C545,https://github.com/turtlebot/turtlebot/commit/26313943003a7dd0a91a75a4905dcaf63128aeb7,turtlebot,Commits,{'26313943003a7dd0a91a75a4905dcaf63128aeb7': 'fixing laptop battery stats'},,1,0,0,0,0
C550,https://github.com/turtlebot/turtlebot/commit/a67ef5e821ca1d6b38aca521ed2bc8c40393b0a8,turtlebot,Commits,{'a67ef5e821ca1d6b38aca521ed2bc8c40393b0a8': 'adding critical battery level in full mode restart 15% battery will'},,2,0,0,0,0
C556,https://github.com/turtlebot/turtlebot/commit/d0747aba10ce83807dbeef2d66ac0736e60439d1,turtlebot,Commits,{'d0747aba10ce83807dbeef2d66ac0736e60439d1': 'tion to gracefully abort with a warning when battery is not present.'},,1,0,0,0,0
C561,https://github.com/turtlebot/turtlebot/commit/cdd80421b266f736fc00bdf039776c205302733f,turtlebot,Commits,{'cdd80421b266f736fc00bdf039776c205302733f': 'exception handling and logging messages when battery info not\nfound.'},,1,0,0,0,0
C567,https://github.com/turtlebot/turtlebot_interactions/commit/3983e022ef9f3ea224e7aa2f9d6c6950e8308a4b,turtlebot_interactions,Commits,{'3983e022ef9f3ea224e7aa2f9d6c6950e8308a4b': 'laptop battery display'},,1,0,0,0,0
C568,https://github.com/turtlebot/turtlebot_interactions/commit/c7078999e6b74179fc0ade4d70fca5d9c73fbea2,turtlebot_interactions,Commits,{'c7078999e6b74179fc0ade4d70fca5d9c73fbea2': 'fixing battery status info to be more accurate'},,1,0,0,0,0
C569,https://github.com/turtlebot/turtlebot_interactions/commit/1f06c5418f7b5ae8e678f92e6f053c50187886c5,turtlebot_interactions,Commits,{'1f06c5418f7b5ae8e678f92e6f053c50187886c5': 'making dashboard battery display more accurate'},,1,0,0,0,0
C571,https://bitbucket.org/udg_cirs/cola2_core/commit/cc8232297950606146d95933f950d7152ce8a32d,cola2_core,Commits,"{'cc8232297950606146d95933f950d7152ce8a32d': 'new fields to VehicleStatus msg (at_surface, battery_voltage)'}",,1,0,0,0,0
C572,https://bitbucket.org/udg_cirs/cola2_core/commit/eb8e251aa973f5dfe70294a228ce8f820b784d05,cola2_core,Commits,{'eb8e251aa973f5dfe70294a228ce8f820b784d05': 'Increased value of simulated battery voltage to prevent errors in simulation.'},,1,0,0,0,0
C579,https://github.com/uf-mil/NaviGator/commit/4d8214568bab9b89a55f3e4c660b91b2e6541a22,NaviGator,Commits,{'4d8214568bab9b89a55f3e4c660b91b2e6541a22': 'SENSOR_CONTROL: Added a battery voltage monitor and alarm'},,1,0,0,0,0
C580,https://github.com/uf-mil/NaviGator/commit/d1fd036418ca79968805d612511daa1656872a0f,NaviGator,Commits,{'d1fd036418ca79968805d612511daa1656872a0f': 'ALARMS: Updated the battery monitor and joystick to work with navigator'},,1,0,0,0,0
C581,https://github.com/uf-mil/NaviGator/commit/766c70fa324775c6e45e310220dc8f21a47d0275,NaviGator,Commits,{'766c70fa324775c6e45e310220dc8f21a47d0275': 'GUI: Made battery alarm triggers rosparams and added voltage '},,1,0,0,0,0
C583,https://github.com/uf-mil/NaviGator/commit/11298869712e59cfa9fab57ab812733df043741e,NaviGator,Commits,{'11298869712e59cfa9fab57ab812733df043741e': 'SENSOR_CONTROL: Updates the battery warning voltage values based on testing res'},,1,0,0,0,0
C584,https://github.com/uf-mil/NaviGator/commit/01c60f829b446c67ae08df17b31d60954c1af53f,NaviGator,Commits,{'01c60f829b446c67ae08df17b31d60954c1af53f': 'age if we have >0 measurements\n\n* fixes auto battery low kill on startup'},,1,0,0,0,0
C586,https://github.com/uf-mil/NaviGator/commit/a53cf2b17c5ba29f5f4e5832723d7ebed102b592,NaviGator,Commits,"{'a53cf2b17c5ba29f5f4e5832723d7ebed102b592': ' information about wrench mode, kill status, battery voltage, LLA coordinates, and individual th'}",,1,0,0,0,0
C587,https://github.com/uf-mil/NaviGator/commit/d53ee32622693f576d37675af26d4af0f36b82fd,NaviGator,Commits,"{'d53ee32622693f576d37675af26d4af0f36b82fd': 'urrently Displays: wrench mode, kill status, battery voltage, LLA coordinates, and individual th'}",,1,0,0,0,0
C588,https://github.com/uf-mil/SubjuGator/commit/fe330e97de5e3885a61f7a84d9e3e4fd69eca107,SubjuGator,Commits,"{'fe330e97de5e3885a61f7a84d9e3e4fd69eca107': ""in smaller alarms\n\n- ex: 'network-timeout', 'battery-voltage' and 'leak' might all trigger the m""}",,1,0,0,0,0
C589,https://github.com/uf-mil/SubjuGator/commit/312cc00f02a185ec68935b9ef95e7795e22f80a9,SubjuGator,Commits,{'312cc00f02a185ec68935b9ef95e7795e22f80a9': 'VISUALIZATION: add battery voltage and interactive kill markers'},,1,0,0,0,0
C590,https://github.com/uf-mil/SubjuGator/commit/4b886780fc893397663a67e19505609f31a2a8a6,SubjuGator,Commits,"{'4b886780fc893397663a67e19505609f31a2a8a6': 'ALARMS: Add variable battery voltage alarms, fix height_over_bottom typo'}",,1,0,0,0,0
C591,https://github.com/uf-mil/SubjuGator/commit/ce13f06322c6af740262942c246cbaaa32a30c77,SubjuGator,Commits,"{'ce13f06322c6af740262942c246cbaaa32a30c77': 'ATION: fix rviz kill button with ros_alarms, battery warn color'}",,1,0,0,0,0
C592,https://github.com/uf-mil/SubjuGator/commit/f98df42cdc6c963404902194bfb654d4df1640bd,SubjuGator,Commits,"{'f98df42cdc6c963404902194bfb654d4df1640bd': ""in the thruster driver.\n* 'maximum_allowable_power' was set to 600 Watts for all thrusters\n* Mo""}",,0,0,1,0,0
C593,https://github.com/uf-mil/SubjuGator/commit/d059d5130ab646cf555c992ddce14ba8628fd548,SubjuGator,Commits,{'d059d5130ab646cf555c992ddce14ba8628fd548': 'THRUSTERS: add power to ThrusterStatus msg\n\n* Also update msg fie'},,0,0,1,0,0
C594,https://github.com/uf-mil/SubjuGator/commit/e6bb0214778b90fa25019e264a57eaa74c32cb04,SubjuGator,Commits,{'e6bb0214778b90fa25019e264a57eaa74c32cb04': 'GNC: calibrate thrusters at lower power max\n\n* Calibrated all of the thruster models'},,0,0,1,0,0
C595,https://github.com/uos/calvin_robot/commit/5344d41b2c0b7f5e216298c1f6ca5903a8cff1d9,calvin_robot,Commits,{'5344d41b2c0b7f5e216298c1f6ca5903a8cff1d9': 'add battery guard to calvin.launch'},,1,0,0,0,0
C598,https://github.com/utexas-bwi/segbot/commit/2be51bc63c8a451743dc20e2024e0fd3db9475e6,segbot,Commits,{'2be51bc63c8a451743dc20e2024e0fd3db9475e6': 'for visualization purposes -- also converted battery box to its own separate urdf file'},,1,0,0,0,0
C599,https://github.com/utexas-bwi/segbot/commit/d59261a1e3a2fa411cf4ec191e4f6db57e0f1f16,segbot,Commits,{'d59261a1e3a2fa411cf4ec191e4f6db57e0f1f16': 'ChargeStatus is deprecated in favor of smart_battery_msgs'},,1,0,0,0,0
C600,https://github.com/utexas-bwi/segbot/commit/d7a0a76e1f3752d32b29dd8da27e8dcbc14f09e1,segbot,Commits,{'d7a0a76e1f3752d32b29dd8da27e8dcbc14f09e1': 'segbot_sensors: set unknown battery status fields to NaN'},,1,0,0,0,0
C601,https://github.com/utexas-bwi/segbot/commit/ff85e950ff106a0542f1907dc30482a59dd6f384,segbot,Commits,{'ff85e950ff106a0542f1907dc30482a59dd6f384': 'altered subscriber to read from smart battery pub'},,1,0,0,0,0
C602,https://github.com/utexas-bwi/segbot/commit/d53dbcedc38174566149c244eeaa5d82550d4090,segbot,Commits,{'d53dbcedc38174566149c244eeaa5d82550d4090': 'added additional flexability to the battery_diagnostics sendmail node that will now all'},,1,0,0,0,0
C603,https://github.com/utexas-bwi/segbot/commit/ebbd1b8539a32bf7326e01198bdbc34efb09273f,segbot,Commits,{'ebbd1b8539a32bf7326e01198bdbc34efb09273f': 'added additional flexability to the battery_diagnostics sendmail node that will now all'},,1,0,0,0,0
C614,https://github.com/uwreact/frc_control/commit/241910c3f2d85fccd326b10b9749f59cf67deb07,frc_control,Commits,{'241910c3f2d85fccd326b10b9749f59cf67deb07': 'Add dedicated match time msg and battery voltage'},,1,0,0,0,0
C615,https://github.com/uwreact/frc_control/commit/eca2a911a8dcd7f93fb154e5f73f135a2a122cca,frc_control,Commits,{'eca2a911a8dcd7f93fb154e5f73f135a2a122cca': 'Add PcStatsWidget to display PC battery & CPU'},,1,0,0,0,0
C616,https://github.com/uwreact/frc_control/commit/deec6fe3c22c74d41b18887d9ab99336384cead6,frc_control,Commits,{'deec6fe3c22c74d41b18887d9ab99336384cead6': 'Update battery level thresholds\n\nValues based off of QDriv'},,1,0,0,0,0
C618,https://github.com/vortexntnu/rov-control/commit/15b1b268a3ef94c300ca0ddb3e2aa562477948e0,rov-control,Commits,{'15b1b268a3ef94c300ca0ddb3e2aa562477948e0': 'tead of set zero. Do this to avoid excessive power usage after shutdown.'},,0,0,1,0,0
C619,https://github.com/whoenig/crazyflie_ros/commit/d4c957a5a869be3c448682ada887dd99c655c669,crazyflie_ros,Commits,{'d4c957a5a869be3c448682ada887dd99c655c669': 'add sensor readings for battery'},,1,0,0,0,0
C620,https://github.com/whoenig/crazyflie_ros/commit/e3e3f68793f91f331b1aaf10ed6dfae49b3f5745,crazyflie_ros,Commits,"{'e3e3f68793f91f331b1aaf10ed6dfae49b3f5745': 'run continuous demo\nand, for example, change battery of a Crazyflie without\nrestarting the compl'}",,1,0,0,0,0
C621,https://github.com/whoenig/crazyflie_ros/commit/e9b330567c7501c11a285118d97444667b741734,crazyflie_ros,Commits,{'e9b330567c7501c11a285118d97444667b741734': 'add battery tool [from crazyswarm]'},,1,0,0,0,0
C622,https://github.com/youbot/youbot-ros-pkg/commit/766eb3bcf8077389346dca5d562f93672dc07a4f,youbot-ros-pkg,Commits,{'766eb3bcf8077389346dca5d562f93672dc07a4f': 'add youbot battery monitor'},,1,0,0,0,0
C623,https://github.com/youbot/youbot-ros-pkg/commit/55d86664339b50489b983d47bd6f674fdd442672,youbot-ros-pkg,Commits,{'55d86664339b50489b983d47bd6f674fdd442672': 'check also if one battery cell exceeded the minimum voltage level'},,1,0,0,0,0
C624,https://github.com/yujinrobot/kobuki/commit/11907495891d4b70d880355b7c010f7264cef429,kobuki,Commits,{'11907495891d4b70d880355b7c010f7264cef429': 'got rid of time - not used since we have no battery.'},,1,0,0,0,0
C625,https://github.com/yujinrobot/kobuki/commit/713511b1bd9a40caaed06587c50736bece5af956,kobuki,Commits,{'713511b1bd9a40caaed06587c50736bece5af956': 'kobuki: battery status diagnostics.'},,1,0,0,0,0
C626,https://github.com/yujinrobot/kobuki/commit/809882ebf9d02a291a43caa0e8d37b29899e15ae,kobuki,Commits,{'809882ebf9d02a291a43caa0e8d37b29899e15ae': 'Parameters added: min/max battery voltages'},,1,0,0,0,0
C627,https://github.com/yujinrobot/kobuki/commit/047cf4313b15bec75bfd8ec6662ea1311790d6f3,kobuki,Commits,{'047cf4313b15bec75bfd8ec6662ea1311790d6f3': 'Parameters min/max battery voltage added'},,1,0,0,0,0
C628,https://github.com/yujinrobot/kobuki/commit/c8f50d9521ac1f3c910a650637ec78b45f23ae29,kobuki,Commits,"{'c8f50d9521ac1f3c910a650637ec78b45f23ae29': 'fix battery levels, also make sure interactive was work'}",,1,0,0,0,0
C629,https://github.com/yujinrobot/kobuki/commit/97b98e1caefc6c3c50673a14358a2d4199d80c32,kobuki,Commits,{'97b98e1caefc6c3c50673a14358a2d4199d80c32': 'parameter configuration for level based battery.'},,1,0,0,0,0
C630,https://github.com/yujinrobot/kobuki/commit/52ccb11ad4eb8bfee7e22e8ae1b28ec950c66eab,kobuki,Commits,"{'52ccb11ad4eb8bfee7e22e8ae1b28ec950c66eab': 'opard_teleop confirmed, yaml updated for new battery params, started bringing in gmapping launch'}",,1,0,0,0,0
C631,https://github.com/yujinrobot/kobuki/commit/96f4c892f0e1422b0515dcddf805cc9543c43d38,kobuki,Commits,{'96f4c892f0e1422b0515dcddf805cc9543c43d38': 'kobuki_node : Added laptop battery state publisher.'},,1,0,0,0,0
C632,https://github.com/yujinrobot/kobuki/commit/8f0312c72d691c7fd617c37854b7baf54e449b55,kobuki,Commits,{'8f0312c72d691c7fd617c37854b7baf54e449b55': 'kobuki_node : Updated laptop battery state publisher to support some laptop have'},,1,0,0,0,0
C636,https://github.com/yujinrobot/kobuki/commit/a07e935f19067d45398830085da0ffa122167bd9,kobuki,Commits,{'a07e935f19067d45398830085da0ffa122167bd9': 'Include battery charge percent.'},,1,0,0,0,0
C637,https://github.com/yujinrobot/kobuki/commit/e34428db1df893b36e604f17156837af3ab380cb,kobuki,Commits,{'e34428db1df893b36e604f17156837af3ab380cb': 'kobuki_node : Updated laptop_battery.py to die when there are no battery info.'},,2,0,0,0,0
C638,https://github.com/yujinrobot/kobuki/commit/841720ab97e442a11ae30b7abdbef07150e56c97,kobuki,Commits,{'841720ab97e442a11ae30b7abdbef07150e56c97': 'se or adapter\n - transitions to low/critical battery levels\n - battery charge completed\n\nWhen pl'},,2,0,0,0,0
C646,https://github.com/yujinrobot/kobuki/commit/71a890bc15832917adb47de291ad70f55ab4069e,kobuki,Commits,"{'71a890bc15832917adb47de291ad70f55ab4069e': 'ode : Updated DockDriveControl,py to display battery level and charging state of robot and lapto'}",,1,0,0,0,0
C647,https://github.com/yujinrobot/kobuki/commit/df92cf9664e7500f017883e098055273fedd18c7,kobuki,Commits,{'df92cf9664e7500f017883e098055273fedd18c7': 'adjusts the external power sources callback to work with the new messag'},,0,0,1,0,0